{"cameraMode":{"drawMode":0,"name":"Shaded","section":"Shading Mode"},"sceneLighting":true,"audioPlay":false,"sceneViewState":{"showFog":true,"showMaterialUpdate":true,"showSkybox":true,"showFlares":true,"showImageEffects":true,"showParticleSystems":true},"in2DMode":false,"pivot":{"x":0.039384499192237857,"y":-0.7390272617340088,"z":1.3775705099105836},"rotation":{"x":-0.6448056697845459,"y":-0.00756867928430438,"z":0.00638550566509366,"w":-0.7642824649810791},"size":4.479934215545654,"orthographic":false}